S_contour	off	name
0.0	0.16	Place du Casino
10.0	-0.17	Avenue de Monte-Carlo
20.0	0.11	Avenue de Monte-Carlo
30.0	0.22	Avenue de Monte-Carlo
40.0	-0.31	Avenue des Spélugues
50.0	-0.76	Avenue des Spélugues
60.0	-0.90	Avenue des Spélugues
70.0	-1.12	Avenue des Spélugues
80.0	-1.02	Avenue des Spélugues
90.0	-0.83	Avenue des Spélugues
100.0	-0.58	Avenue des Spélugues
110.0	-0.35	Avenue des Spélugues
120.0	-0.27	Avenue des Spélugues
130.0	-0.35	Avenue des Spélugues
140.0	-0.41	Avenue des Spélugues
150.0	-0.36	Avenue des Spélugues
160.0	-0.31	Avenue des Spélugues
170.0	-0.26	Avenue des Spélugues
180.0	-0.21	Avenue des Spélugues
190.0	-0.16	Avenue des Spélugues
200.0	-0.10	Avenue des Spélugues
210.0	-0.05	Avenue des Spélugues
220.0	-0.24	Avenue des Spélugues
230.0	0.29	Avenue des Spélugues
240.0	0.15	Avenue des Spélugues
250.0	-0.02	Avenue des Spélugues
260.0	0.09	Avenue des Spélugues
270.0	-0.11	Avenue des Spélugues
280.0	-0.28	Avenue des Spélugues
290.0	-0.08	Avenue des Spélugues
300.0	0.31	Avenue des Spélugues
310.0	0.27	Avenue des Spélugues
320.0	0.21	Avenue des Spélugues
330.0	0.42	Avenue des Spélugues
340.0	0.74	Avenue des Spélugues
350.0	0.36	Avenue des Spélugues
360.0	0.16	Avenue des Spélugues
370.0	0.03	Avenue des Spélugues
380.0	-0.13	Avenue des Spélugues
390.0	0.37	Avenue Princesse Grace
400.0	-0.63	Avenue Princesse Grace
410.0	0.10	Avenue Princesse Grace
420.0	-0.12	Avenue Princesse Grace
430.0	-0.40	Avenue Princesse Grace
440.0	-0.11	Avenue Princesse Grace
450.0	0.48	Avenue Princesse Grace
460.0	-0.19	Avenue Princesse Grace
470.0	-0.36	Avenue Princesse Grace
480.0	-0.04	Avenue Princesse Grace
490.0	-0.30	Avenue Princesse Grace
500.0	-0.04	Circuit de Monaco
510.0	0.02	Circuit de Monaco
520.0	-0.45	Circuit de Monaco
530.0	-0.08	Circuit de Monaco
540.0	0.33	Circuit de Monaco
550.0	1.27	Circuit de Monaco
560.0	0.41	Circuit de Monaco
570.0	0.36	Boulevard Louis II
580.0	0.28	Boulevard Louis II
590.0	0.21	Boulevard Louis II
600.0	0.13	Boulevard Louis II
610.0	0.05	Boulevard Louis II
620.0	-0.03	Boulevard Louis II
630.0	0.59	Boulevard Louis II
640.0	1.14	Boulevard Louis II
650.0	1.36	Boulevard Louis II
660.0	1.22	Boulevard Louis II
670.0	0.87	Boulevard Louis II
680.0	0.12	Boulevard Louis II
690.0	-0.84	Boulevard Louis II
700.0	-0.13	Boulevard Louis II
710.0	0.11	Boulevard Louis II
720.0	0.15	Boulevard Louis II
730.0	-0.11	Boulevard Louis II
740.0	-0.12	Boulevard Louis II
750.0	0.10	Boulevard Louis II
760.0	-0.05	Boulevard Louis II
770.0	-0.17	Boulevard Louis II
780.0	0.14	Boulevard Louis II
790.0	-0.02	Boulevard Louis II
800.0	-0.39	Boulevard Louis II
810.0	-0.60	Boulevard Louis II
820.0	-0.50	Boulevard Louis II
830.0	-0.60	Boulevard Louis II
840.0	-1.05	Boulevard Louis II
850.0	-0.88	Boulevard Louis II
860.0	-0.34	Boulevard Louis II
870.0	-0.26	Boulevard Louis II
880.0	-0.38	Boulevard Louis II
890.0	-0.81	Boulevard Louis II
900.0	-0.30	Boulevard Louis II
910.0	0.22	Boulevard Louis II
920.0	0.47	Boulevard Louis II
930.0	0.44	Boulevard Louis II
940.0	0.12	Boulevard Louis II
950.0	-0.25	Boulevard Louis II
960.0	0.05	Boulevard Louis II
970.0	0.06	Boulevard Louis II
980.0	-0.06	Boulevard Louis II
990.0	-0.08	Boulevard Louis II
1000.0	-0.10	Boulevard Louis II
1010.0	-0.08	Boulevard Louis II
1020.0	-0.02	Boulevard Louis II
1030.0	0.03	Boulevard Louis II
1040.0	0.08	Boulevard Louis II
1050.0	0.09	Boulevard Louis II
1060.0	-0.00	Boulevard Louis II
1070.0	-0.09	Boulevard Louis II
1080.0	-0.19	Boulevard Louis II
1090.0	0.04	Boulevard Louis II
1100.0	0.24	Boulevard Louis II
1110.0	0.30	Boulevard Louis II
1120.0	-0.28	Boulevard Louis II
1130.0	-0.87	Boulevard Louis II
1140.0	-1.23	Boulevard Louis II
1150.0	-1.08	Boulevard Louis II
1160.0	-0.93	Boulevard Louis II
1170.0	-0.84	Boulevard Louis II
1180.0	-0.97	Boulevard Louis II
1190.0	-1.17	Boulevard Louis II
1200.0	-0.56	?
1210.0	1.34	Circuit de Monaco
1220.0	0.32	Circuit de Monaco
1230.0	-0.04	Circuit de Monaco
1240.0	-0.37	Circuit de Monaco
1250.0	0.15	Circuit de Monaco
1260.0	0.68	Circuit de Monaco
1270.0	0.77	Circuit de Monaco
1280.0	0.79	Quai des États-Unis
1290.0	0.73	Quai des États-Unis
1300.0	0.66	Quai des États-Unis
1310.0	0.60	Quai des États-Unis
1320.0	0.53	Quai des États-Unis
1330.0	0.47	Quai des États-Unis
1340.0	0.41	Quai des États-Unis
1350.0	0.36	Quai des États-Unis
1360.0	0.31	Quai des États-Unis
1370.0	0.25	Quai des États-Unis
1380.0	0.20	Quai des États-Unis
1390.0	0.23	Quai des États-Unis
1400.0	0.56	Quai des États-Unis
1410.0	0.97	Quai des États-Unis
1420.0	0.90	Route de la Piscine
1430.0	0.81	Route de la Piscine
1440.0	0.71	Route de la Piscine
1450.0	0.61	Route de la Piscine
1460.0	0.44	Route de la Piscine
1470.0	0.10	Route de la Piscine
1480.0	-0.42	Route de la Piscine
1490.0	-0.34	Route de la Piscine
1500.0	-0.15	Route de la Piscine
1510.0	0.24	Route de la Piscine
1520.0	0.61	Route de la Piscine
1530.0	0.96	Route de la Piscine
1540.0	1.60	Route de la Piscine
1550.0	1.71	Route de la Piscine
1560.0	1.57	Route de la Piscine
1570.0	1.41	Route de la Piscine
1580.0	1.80	Route de la Piscine
1590.0	1.00	Route de la Piscine
1600.0	0.54	Route de la Piscine
1610.0	0.55	Route de la Piscine
1620.0	1.01	Circuit de Monaco
1630.0	2.05	Circuit de Monaco
1640.0	0.55	Circuit de Monaco
1650.0	0.26	Circuit de Monaco
1660.0	-0.06	Circuit de Monaco
1670.0	0.08	Circuit de Monaco
1680.0	0.11	Circuit de Monaco
1690.0	-0.06	Circuit de Monaco
1700.0	-0.16	Route de la Piscine
1710.0	-0.11	Route de la Piscine
1720.0	-0.07	Route de la Piscine
1730.0	-0.02	Route de la Piscine
1740.0	-0.02	Route de la Piscine
1750.0	-0.01	Route de la Piscine
1760.0	0.02	Route de la Piscine
1770.0	0.05	Route de la Piscine
1780.0	0.10	Circuit de Monaco
1790.0	-0.02	Circuit de Monaco
1800.0	0.04	Circuit de Monaco
1810.0	0.25	Circuit de Monaco
1820.0	-0.16	Circuit de Monaco
1830.0	-0.03	Circuit de Monaco
1840.0	0.02	Circuit de Monaco
1850.0	-0.03	Circuit de Monaco
1860.0	-0.12	Circuit de Monaco
1870.0	0.05	Circuit de Monaco
1880.0	-0.18	Circuit de Monaco
1890.0	0.20	Circuit de Monaco
1900.0	0.14	Circuit de Monaco
1910.0	0.15	Circuit de Monaco
1920.0	-0.37	Circuit de Monaco
1930.0	-0.05	Circuit de Monaco
1940.0	0.01	Circuit de Monaco
1950.0	-0.23	Circuit de Monaco
1960.0	0.40	Circuit de Monaco
1970.0	-0.11	Circuit de Monaco
1980.0	-0.05	Circuit de Monaco
1990.0	-0.11	Circuit de Monaco
2000.0	-0.69	Circuit de Monaco
2010.0	1.14	Quai Antoine 1er
2020.0	0.66	Quai Antoine 1er
2030.0	0.26	Quai Antoine 1er
2040.0	0.40	Quai Antoine 1er
2050.0	0.49	Quai Antoine 1er
2060.0	0.58	Quai Antoine 1er
2070.0	0.57	Circuit de Monaco
2080.0	0.18	Circuit de Monaco
2090.0	-0.05	Circuit de Monaco
2100.0	0.02	Circuit de Monaco
2110.0	0.07	Circuit de Monaco
2120.0	-0.31	Circuit de Monaco
2130.0	0.05	Avenue du Port
2140.0	0.43	Avenue du Port
2150.0	-0.24	Avenue du Port
2160.0	-0.33	Avenue du Port
2170.0	-0.11	Boulevard Albert 1er
2180.0	0.17	Boulevard Albert 1er
2190.0	0.14	Boulevard Albert 1er
2200.0	0.02	Boulevard Albert 1er
2210.0	-0.61	Boulevard Albert 1er
2220.0	0.32	Boulevard Albert 1er
2230.0	0.61	Boulevard Albert 1er
2240.0	0.01	Boulevard Albert 1er
2250.0	-0.27	Boulevard Albert 1er
2260.0	-0.31	Boulevard Albert 1er
2270.0	-0.10	Boulevard Albert 1er
2280.0	0.01	Boulevard Albert 1er
2290.0	0.04	Boulevard Albert 1er
2300.0	0.08	Boulevard Albert 1er
2310.0	0.00	Boulevard Albert 1er
2320.0	-0.07	Boulevard Albert 1er
2330.0	0.04	Boulevard Albert 1er
2340.0	0.06	Boulevard Albert 1er
2350.0	-0.08	Boulevard Albert 1er
2360.0	-0.02	Boulevard Albert 1er
2370.0	-0.07	Boulevard Albert 1er
2380.0	-0.02	Boulevard Albert 1er
2390.0	0.18	Boulevard Albert 1er
2400.0	0.15	Boulevard Albert 1er
2410.0	-0.05	Boulevard Albert 1er
2420.0	0.01	Boulevard Albert 1er
2430.0	-0.02	Boulevard Albert 1er
2440.0	-0.12	Boulevard Albert 1er
2450.0	-0.18	Boulevard Albert 1er
2460.0	-0.16	Boulevard Albert 1er
2470.0	-0.12	Boulevard Albert 1er
2480.0	0.17	Boulevard Albert 1er
2490.0	0.24	Boulevard Albert 1er
2500.0	-0.14	Boulevard Albert 1er
2510.0	0.05	Boulevard Albert 1er
2520.0	0.02	Boulevard Albert 1er
2530.0	0.17	Boulevard Albert 1er
2540.0	0.03	Boulevard Albert 1er
2550.0	-0.35	Boulevard Albert 1er
2560.0	-0.22	Boulevard Albert 1er
2570.0	-0.19	Boulevard Albert 1er
2580.0	-0.03	Boulevard Albert 1er
2590.0	0.17	Boulevard Albert 1er
2600.0	0.53	Circuit de Monaco
2610.0	0.97	Circuit de Monaco
2620.0	-0.28	Circuit de Monaco
2630.0	-1.96	Circuit de Monaco
2640.0	0.71	Circuit de Monaco
2650.0	0.78	Circuit de Monaco
2660.0	-0.44	Circuit de Monaco
2670.0	-0.05	Circuit de Monaco
2680.0	-0.07	Circuit de Monaco
2690.0	-0.25	Avenue d'Ostende
2700.0	-0.33	Avenue d'Ostende
2710.0	-0.37	Avenue d'Ostende
2720.0	-0.42	Avenue d'Ostende
2730.0	-0.42	Avenue d'Ostende
2740.0	-0.49	Avenue d'Ostende
2750.0	-0.25	Avenue d'Ostende
2760.0	-0.43	Avenue d'Ostende
2770.0	-0.56	Avenue d'Ostende
2780.0	-0.44	Avenue d'Ostende
2790.0	-0.32	Avenue d'Ostende
2800.0	-0.19	Avenue d'Ostende
2810.0	-0.04	Avenue d'Ostende
2820.0	0.07	Avenue d'Ostende
2830.0	0.12	Avenue d'Ostende
2840.0	0.17	Avenue d'Ostende
2850.0	0.11	Avenue d'Ostende
2860.0	0.28	Avenue d'Ostende
2870.0	0.33	Avenue d'Ostende
2880.0	-0.03	Avenue d'Ostende
2890.0	-0.44	Avenue d'Ostende
2900.0	-0.21	Avenue d'Ostende
2910.0	-0.09	Avenue d'Ostende
2920.0	-0.70	Avenue d'Ostende
2930.0	-0.58	Avenue d'Ostende
2940.0	-0.35	Avenue d'Ostende
2950.0	-0.34	Avenue d'Ostende
2960.0	-0.32	Avenue d'Ostende
2970.0	-0.30	Avenue d'Ostende
2980.0	-0.22	Avenue d'Ostende
2990.0	-0.08	Avenue d'Ostende
3000.0	0.29	Avenue d'Ostende
3010.0	-0.16	Avenue d'Ostende
3020.0	-0.47	Avenue d'Ostende
3030.0	-0.51	Avenue d'Ostende
3040.0	-0.16	Avenue d'Ostende
3050.0	-0.01	Avenue d'Ostende
3060.0	3.41	Avenue de Monte-Carlo
3070.0	0.21	Avenue de Monte-Carlo
3080.0	-0.60	Avenue de Monte-Carlo
3090.0	-0.46	Avenue de Monte-Carlo
3100.0	0.13	Avenue de Monte-Carlo
3110.0	0.39	Avenue de Monte-Carlo
3120.0	0.59	Avenue de Monte-Carlo
3130.0	0.14	Avenue de Monte-Carlo
3140.0	0.83	Avenue de Monte-Carlo
3150.0	-0.12	Avenue de Monte-Carlo
3160.0	-0.08	Avenue de Monte-Carlo
3170.0	-0.39	Avenue de Monte-Carlo
3180.0	-0.32	Avenue de Monte-Carlo
3190.0	-0.38	Avenue de Monte-Carlo
3200.0	-0.31	Avenue de Monte-Carlo
3210.0	-0.13	Avenue de Monte-Carlo
3220.0	-0.47	Avenue de Monte-Carlo
3230.0	-0.39	Avenue de Monte-Carlo
3240.0	-0.02	Avenue de Monte-Carlo
3250.0	0.08	Avenue de Monte-Carlo
3260.0	0.17	Avenue de Monte-Carlo
3270.0	-0.01	Avenue de Monte-Carlo
3280.0	0.13	Avenue de Monte-Carlo
3290.0	0.14	Place du Casino
3300.0	-0.34	Place du Casino
3310.0	0.40	Place du Casino
