# Пальмы Монако по месту (v1.16.54): снимок Google z20, каждая проверена глазом (palms-scan.py, README.md «Пальмы»).
# широта	долгота	квадрат разметки	как найдена
43.737155	7.421703	s_300_60	авто+глаз
43.737187	7.421691	s_300_60	авто+глаз
43.737217	7.421662	s_300_60	авто+глаз
43.737369	7.422079	s_300_60	авто+глаз
43.738065	7.428166	s_-180_120	авто+глаз
43.738109	7.428227	s_-180_120	авто+глаз
43.738162	7.428253	s_-180_120	глаз
43.738201	7.428165	s_-180_120	глаз
43.738408	7.428112	s_-180_180	авто+глаз
43.738418	7.428165	s_-180_180	глаз
43.738455	7.428055	s_-180_180	авто+глаз
43.738463	7.428134	s_-180_180	авто+глаз
43.738524	7.428131	s_-180_180	глаз
43.738603	7.428799	s_-240_180	глаз
43.738759	7.428969	s_-240_180	глаз
43.739013	7.429257	s_-300_240	глаз
43.739219	7.427556	casino	звезда+глаз
43.739250	7.427666	casino	звезда+глаз
43.739266	7.427490	casino	звезда+глаз
43.739284	7.429121	s_-300_240	глаз
43.739319	7.427606	casino	звезда+глаз
43.739316	7.427420	casino	звезда+глаз
43.739338	7.427512	casino	звезда+глаз
43.739355	7.427786	casino	звезда+глаз
43.739365	7.427360	casino	звезда+глаз
43.739371	7.429525	s_-300_300	авто+глаз
43.739368	7.427457	casino	звезда+глаз
43.739392	7.429293	s_-300_300	авто+глаз
43.739386	7.427678	casino	звезда+глаз
43.739406	7.429357	s_-300_300	авто+глаз
43.739420	7.427570	casino	звезда+глаз
43.739413	7.427308	casino	звезда+глаз
43.739429	7.427408	casino	звезда+глаз
43.739433	7.427770	casino	звезда+глаз
43.739441	7.427631	casino	звезда+глаз
43.739476	7.427707	casino	глаз
43.739479	7.427558	casino	звезда+глаз
43.739497	7.427473	casino	звезда+глаз
43.739511	7.427633	casino	глаз
43.739550	7.427546	casino	звезда+глаз
43.739557	7.427464	casino	звезда+глаз
43.739642	7.426875	s_-120_300	авто+глаз
43.739669	7.426647	s_-60_300	авто+глаз
43.739738	7.426653	s_-60_300	авто+глаз
43.739813	7.427039	s_-120_300	авто+глаз
43.739834	7.426489	s_-60_300	авто+глаз
43.739848	7.426927	s_-120_300	авто+глаз
43.739901	7.425656	s_0_360	глаз
43.739936	7.425741	s_0_360	глаз
43.739940	7.426683	s_-60_360	авто+глаз
43.739956	7.426642	s_-60_360	авто+глаз
43.740002	7.426873	s_-120_360	глаз
43.740004	7.426689	s_-60_360	авто+глаз
43.740024	7.425785	s_0_360	глаз
43.740038	7.426694	s_-60_360	авто+глаз
43.740048	7.426798	s_-120_360	авто+глаз
43.740102	7.426965	s_-120_360	авто+глаз
43.740117	7.426695	s_-60_360	авто+глаз
43.740121	7.427039	s_-120_360	глаз
43.740148	7.427128	s_-120_360	глаз
43.740169	7.426874	s_-120_360	авто+глаз
43.740192	7.425831	s_0_360	авто+глаз
43.740215	7.428604	s_-240_360	авто+глаз
43.740228	7.428693	s_-240_360	авто+глаз
43.740239	7.427301	s_-120_360	глаз
43.740244	7.428494	s_-240_360	глаз
43.740275	7.426550	s_-60_360	авто+глаз
43.740286	7.427284	s_-120_360	глаз
43.740291	7.426921	s_-120_360	авто+глаз
43.740306	7.426690	s_-60_360	глаз
43.740321	7.429212	s_-300_360	авто+глаз
43.740320	7.427199	s_-120_360	авто+глаз
43.740328	7.427009	s_-120_360	глаз
43.740345	7.426331	s_-60_360	глаз
43.740363	7.426559	s_-60_360	авто+глаз
43.740375	7.428514	s_-240_360	глаз
43.740380	7.426501	s_-60_360	авто+глаз
43.740397	7.426733	s_-60_360	авто+глаз
43.740438	7.426780	s_-120_420	авто+глаз
43.740442	7.426231	s_-60_420	авто+глаз
43.740487	7.426298	s_-60_420	авто+глаз
43.740489	7.426845	s_-120_420	авто+глаз
43.740509	7.428679	s_-240_420	авто+глаз
43.740524	7.428928	s_-240_420	авто+глаз
43.740520	7.428742	s_-240_420	глаз
43.740540	7.428814	s_-240_420	авто+глаз
43.740537	7.426630	s_-60_420	авто+глаз
43.740543	7.428582	s_-240_420	глаз
43.740543	7.428554	s_-240_420	авто+глаз
43.740555	7.428640	s_-240_420	глаз
43.740577	7.428444	s_-240_420	авто+глаз
43.740572	7.426196	s_-60_420	авто+глаз
43.740586	7.428798	s_-240_420	авто+глаз
43.740587	7.428691	s_-240_420	авто+глаз
43.740580	7.426273	s_-60_420	авто+глаз
43.740611	7.428908	s_-240_420	авто+глаз
43.740611	7.426353	s_-60_420	авто+глаз
43.740626	7.428738	s_-240_420	глаз
43.740628	7.428675	s_-240_420	авто+глаз
43.740656	7.428516	s_-240_420	авто+глаз
43.740682	7.426680	s_-60_420	авто+глаз
43.740691	7.426426	s_-60_420	авто+глаз
43.740702	7.428795	s_-240_420	авто+глаз
43.740708	7.428708	s_-240_420	глаз
43.740728	7.426372	s_-60_420	авто+глаз
43.740734	7.428851	s_-240_420	авто+глаз
43.740737	7.428681	s_-240_420	авто+глаз
43.740759	7.426490	s_-60_420	авто+глаз
43.740882	7.426452	s_-60_420	авто+глаз
