S	left	right	centre
0.0			
5.0			
10.0			
15.0			
20.0	10.70		
25.0			
30.0			
35.0			
40.0			
45.0		-9.47	
50.0		-8.82	
55.0			
60.0		-4.86	
65.0	6.87	-4.99	0.94
70.0	6.51	-5.13	0.69
75.0	6.61	-5.09	0.76
80.0	6.73	-5.05	0.84
85.0	8.01	-5.01	1.50
90.0		-4.99	
95.0		-4.97	
100.0		-4.96	
105.0		-4.94	
110.0		-4.92	
115.0	6.19	-4.90	0.64
120.0	6.24	-5.52	0.36
125.0	6.28		
130.0	6.31		
135.0	6.35		
140.0	6.39		
145.0	6.43		
150.0	6.47		
155.0	6.51		
160.0	6.54		
165.0	6.58		
170.0	6.62		
175.0	6.66		
180.0	6.70		
185.0	6.76		
190.0	6.85		
195.0	6.95		
200.0	7.05		
205.0	7.15		
210.0	7.25		
215.0	7.35		
220.0	7.27		
225.0	7.17		
230.0			
235.0			
240.0			
245.0	5.46		
250.0	4.41		
255.0	4.23		
260.0	4.44		
265.0	4.32		
270.0	4.29		
275.0	4.46		
280.0	4.28		
285.0	4.22		
290.0	4.39		
295.0	5.14		
300.0	4.70		
305.0	5.05		
310.0	5.07		
315.0	5.26		
320.0	5.61		
325.0	5.97		
330.0	6.33		
335.0	7.08	-9.39	-1.15
340.0	7.39	-8.59	-0.60
345.0	6.79	-8.15	-0.68
350.0	6.71		
355.0	7.49		
360.0	7.45	-8.20	-0.37
365.0	7.39	-6.34	0.53
370.0		-6.45	
375.0		-6.28	
380.0	6.94	-6.08	0.43
385.0	7.09	-6.04	0.52
390.0	7.25	-6.17	0.54
395.0	5.67	-6.34	-0.33
400.0	5.50	-6.52	-0.51
405.0	6.01	-6.30	-0.14
410.0	6.26	-6.34	-0.04
415.0	6.35	-6.51	-0.08
420.0	6.40	-6.63	-0.12
425.0	6.44	-6.75	-0.15
430.0	6.49	-6.83	-0.17
435.0	6.53	-6.91	-0.19
440.0	6.48	-6.48	0.00
445.0	6.70	-6.34	0.18
450.0	6.56	-6.09	0.23
455.0	6.36	-5.99	0.18
460.0	5.82		
465.0	6.23	-5.56	0.33
470.0	5.64	-6.10	-0.23
475.0	6.03	-5.92	0.05
480.0	7.14	-5.63	0.75
485.0		-5.45	
490.0		-5.62	
495.0		-6.12	
500.0		-6.74	
505.0		-7.40	
510.0		-7.96	
515.0		-7.82	
520.0		-7.00	
525.0		-5.59	
530.0		-5.35	
535.0			
540.0		-8.36	
545.0	10.66		
550.0	9.09	-6.80	1.14
555.0	7.51	-6.63	0.44
560.0	6.84	-6.67	0.08
565.0	6.68	-6.88	-0.10
570.0	5.01	-7.08	-1.04
575.0	4.86	-7.22	-1.18
580.0	4.71	-7.35	-1.32
585.0	4.57	-7.48	-1.46
590.0	4.42	-7.61	-1.59
595.0	4.27	-7.73	-1.73
600.0	4.13	-7.91	-1.89
605.0	5.55		
610.0	5.41		
615.0	5.27		
620.0	5.13		
625.0	5.25	-6.73	-0.74
630.0	5.53	-5.33	0.10
635.0	5.89		
640.0	6.08		
645.0	6.21		
650.0	6.34		
655.0	6.34		
660.0	6.23		
665.0	6.12		
670.0	5.92		
675.0	5.58		
680.0	5.24		
685.0	4.84		
690.0	4.31		
695.0	4.71		
700.0	5.06		
705.0	5.23		
710.0	5.39		
715.0	5.54		
720.0	5.47		
725.0	5.40		
730.0	5.34		
735.0	5.15		
740.0	5.39		
745.0	5.63		
750.0	5.67		
755.0	5.67		
760.0	5.67		
765.0	5.51		
770.0	5.62		
775.0	5.88		
780.0	5.98		
785.0	6.00		
790.0	6.02		
795.0	5.93		
800.0	5.72		
805.0	5.51		
810.0	5.63		
815.0	5.76		
820.0	5.89		
825.0	5.96	-4.78	0.59
830.0	5.87	-4.82	0.52
835.0	5.75	-4.86	0.44
840.0	5.61	-4.83	0.39
845.0	5.53	-4.65	0.44
850.0	5.89	-3.85	1.02
855.0	6.25	-3.05	1.60
860.0	6.61		
865.0	6.70		
870.0	6.79		
875.0	6.88		
880.0	6.87		
885.0	6.69		
890.0	6.51		
895.0	6.81		
900.0	7.20		
905.0	7.56		
910.0	7.93		
915.0	8.22		
920.0	8.32		
925.0	8.42		
930.0	8.52		
935.0	8.46		
940.0	8.29		
945.0	8.11		
950.0	8.19		
955.0	8.40		
960.0	8.60		
965.0	8.81		
970.0	8.91		
975.0	8.91		
980.0	8.95		
985.0			
990.0			
995.0	12.84		
1000.0	12.52		
1005.0	12.19		
1010.0	11.75		
1015.0	11.30		
1020.0	10.86		
1025.0	10.42		
1030.0	9.85		
1035.0	8.91		
1040.0	7.97		
1045.0	7.45		
1050.0	7.20		
1055.0	6.95		
1060.0	6.70		
1065.0	6.45		
1070.0	6.20		
1075.0	5.95		
1080.0	6.02		
1085.0	6.25		
1090.0	6.44		
1095.0	6.63		
1100.0	6.82		
1105.0	6.75		
1110.0	6.57		
1115.0	6.38		
1120.0	6.20		
1125.0	6.02		
1130.0	5.83		
1135.0	5.65		
1140.0	5.62	-4.22	0.70
1145.0	5.60	-4.26	0.67
1150.0	5.59	-4.31	0.64
1155.0	5.57	-4.35	0.61
1160.0	5.55	-4.39	0.58
1165.0	5.53	-4.43	0.55
1170.0	5.44	-4.48	0.48
1175.0	5.30	-4.57	0.37
1180.0	5.09	-4.73	0.18
1185.0	4.88	-4.88	-0.00
1190.0	4.65	-5.04	-0.19
1195.0			
1200.0			
1205.0			
1210.0			
1215.0	8.25		
1220.0	7.38		
1225.0	6.71		
1230.0	6.83		
1235.0	8.45		
1240.0	8.13		
1245.0	7.81		
1250.0		-9.13	
1255.0	6.03	-7.04	-0.51
1260.0	6.15	-6.32	-0.09
1265.0	6.11	-6.45	-0.17
1270.0	6.08	-6.58	-0.25
1275.0	6.04	-6.63	-0.29
1280.0	6.03	-6.64	-0.31
1285.0	6.04	-6.65	-0.31
1290.0	6.05	-6.66	-0.31
1295.0	6.06	-6.67	-0.31
1300.0	6.07	-6.68	-0.31
1305.0	6.08	-6.69	-0.31
1310.0	6.09	-6.70	-0.31
1315.0	6.10	-6.71	-0.31
1320.0	6.11	-6.72	-0.31
1325.0	6.12	-6.73	-0.31
1330.0	6.13	-6.74	-0.30
1335.0	6.14	-6.74	-0.30
1340.0	6.15	-6.75	-0.30
1345.0	6.16	-6.71	-0.27
1350.0	6.16	-6.57	-0.21
1355.0	6.15	-6.43	-0.14
1360.0	6.14	-6.29	-0.08
1365.0	6.13	-6.15	-0.01
1370.0	6.12	-6.02	0.05
1375.0	6.11	-5.88	0.11
1380.0	6.10	-5.75	0.18
1385.0	6.09	-5.61	0.24
1390.0	6.08	-5.82	0.13
1395.0	6.07	-6.08	-0.00
1400.0	6.06	-6.33	-0.14
1405.0	6.05	-6.61	-0.28
1410.0	6.06	-6.90	-0.42
1415.0	6.08	-6.98	-0.45
1420.0	6.10	-6.96	-0.43
1425.0	6.12	-6.95	-0.42
1430.0	6.14	-6.93	-0.40
1435.0	6.18	-6.92	-0.37
1440.0	6.23	-6.90	-0.34
1445.0	6.27	-6.89	-0.31
1450.0	6.31	-6.87	-0.28
1455.0	6.33	-6.88	-0.28
1460.0	6.32	-6.91	-0.30
1465.0	6.31	-6.95	-0.32
1470.0	6.17	-7.13	-0.48
1475.0	7.17	-5.32	0.93
1480.0	6.42	-5.78	0.32
1485.0	6.92	-5.90	0.51
1490.0	6.79		
1495.0	6.79		
1500.0	6.98		
1505.0	7.12		
1510.0	7.06		
1515.0	7.11		
1520.0	7.17	-10.09	-1.46
1525.0	7.53	-9.80	-1.14
1530.0	7.62	-9.49	-0.93
1535.0	7.72	-9.22	-0.75
1540.0	8.15	-9.06	-0.46
1545.0	8.54	-12.68	-2.07
1550.0	8.51	-12.82	-2.15
1555.0	8.49	-8.92	-0.22
1560.0	8.40	-8.69	-0.14
1565.0	8.42	-8.75	-0.16
1570.0	8.43	-8.67	-0.12
1575.0	8.44	-12.58	-2.07
1580.0	8.66	-12.72	-2.03
1585.0	8.05	-9.18	-0.56
1590.0	7.46	-9.54	-1.04
1595.0	6.98	-9.91	-1.46
1600.0	6.53	-10.28	-1.88
1605.0	6.61		
1610.0	6.70		
1615.0	6.78	-10.73	-1.97
1620.0	6.80	-10.81	-2.01
1625.0	7.29	-11.26	-1.99
1630.0			
1635.0			
1640.0			
1645.0			
1650.0			
1655.0			
1660.0			
1665.0			
1670.0			
1675.0	5.61		
1680.0	4.58		
1685.0	4.73		
1690.0	5.18		
1695.0	5.42		
1700.0	5.46		
1705.0	5.50		
1710.0	5.55		
1715.0	5.59		
1720.0	6.54		
1725.0	7.76		
1730.0	8.89		
1735.0	9.69		
1740.0	9.56		
1745.0	9.29		
1750.0	8.24		
1755.0	7.18		
1760.0	6.54		
1765.0	6.61		
1770.0	6.69		
1775.0	6.76		
1780.0	6.52		
1785.0	6.25		
1790.0	5.99		
1795.0	6.18		
1800.0	7.57		
1805.0			
1810.0			
1815.0			
1820.0			
1825.0			
1830.0			
1835.0			
1840.0		-12.66	
1845.0		-12.00	
1850.0		-11.96	
1855.0		-11.92	
1860.0		-11.88	
1865.0		-11.84	
1870.0		-11.79	
1875.0		-11.42	
1880.0		-11.15	
1885.0		-10.89	
1890.0		-10.62	
1895.0		-10.43	
1900.0		-10.35	
1905.0		-10.26	
1910.0		-10.17	
1915.0		-10.18	
1920.0		-10.17	
1925.0		-10.16	
1930.0		-10.15	
1935.0		-10.14	
1940.0		-10.41	
1945.0		-10.66	
1950.0		-10.91	
1955.0		-11.16	
1960.0		-11.41	
1965.0		-12.99	
1970.0			
1975.0			
1980.0			
1985.0			
1990.0			
1995.0		-8.85	
2000.0		-9.71	
2005.0	7.06	-9.12	-1.03
2010.0		-8.56	
2015.0		-7.68	
2020.0	8.08		
2025.0	9.45	-7.53	0.96
2030.0	5.64		
2035.0	4.81	-6.82	-1.00
2040.0	5.02	-6.67	-0.83
2045.0	5.30	-6.69	-0.70
2050.0	5.57	-6.71	-0.57
2055.0	5.85	-6.73	-0.44
2060.0	6.13	-6.75	-0.31
2065.0	6.30	-5.56	0.37
2070.0		-6.71	
2075.0			
2080.0	8.39		
2085.0	8.05		
2090.0	8.16		
2095.0	8.63		
2100.0	8.95		
2105.0			
2110.0			
2115.0		-12.09	
2120.0			
2125.0			
2130.0			
2135.0			
2140.0		-12.54	
2145.0		-9.45	
2150.0		-9.22	
2155.0		-9.45	
2160.0		-9.68	
2165.0		-9.91	
2170.0		-10.19	
2175.0		-10.05	
2180.0		-9.91	
2185.0		-9.95	
2190.0		-10.12	
2195.0		-10.41	
2200.0		-11.06	
2205.0		-11.72	
2210.0		-12.45	
2215.0		-12.17	
2220.0		-11.79	
2225.0		-11.50	
2230.0		-11.29	
2235.0		-11.15	
2240.0		-11.25	
2245.0		-11.05	
2250.0		-10.78	
2255.0		-10.55	
2260.0		-8.82	
2265.0		-8.69	
2270.0		-8.55	
2275.0		-8.48	
2280.0		-8.43	
2285.0		-8.38	
2290.0		-8.23	
2295.0		-8.01	
2300.0		-7.79	
2305.0		-7.57	
2310.0		-7.39	
2315.0		-7.50	
2320.0		-7.61	
2325.0		-7.61	
2330.0		-7.52	
2335.0		-7.43	
2340.0		-7.34	
2345.0		-7.25	
2350.0		-7.06	
2355.0		-7.06	
2360.0		-7.06	
2365.0		-7.05	
2370.0		-7.05	
2375.0		-7.04	
2380.0		-6.92	
2385.0		-6.79	
2390.0		-6.65	
2395.0		-6.52	
2400.0		-6.39	
2405.0		-6.26	
2410.0		-6.12	
2415.0		-6.13	
2420.0		-6.25	
2425.0		-6.38	
2430.0		-6.51	
2435.0		-6.64	
2440.0		-6.77	
2445.0		-6.90	
2450.0		-7.04	
2455.0		-7.17	
2460.0		-7.30	
2465.0		-7.44	
2470.0		-7.42	
2475.0		-7.41	
2480.0		-7.43	
2485.0		-7.45	
2490.0		-7.49	
2495.0		-7.55	
2500.0		-7.72	
2505.0		-7.64	
2510.0		-7.56	
2515.0		-7.48	
2520.0		-7.70	
2525.0		-8.05	
2530.0		-8.11	
2535.0		-8.22	
2540.0		-8.35	
2545.0		-8.56	
2550.0		-8.99	
2555.0		-8.99	
2560.0		-8.78	
2565.0		-8.98	
2570.0	10.06	-9.32	0.37
2575.0	10.07	-9.52	0.28
2580.0	10.18	-9.83	0.18
2585.0	10.30	-10.30	-0.00
2590.0	10.36	-10.80	-0.22
2595.0	10.40	-11.39	-0.49
2600.0		-12.20	
2605.0			
2610.0			
2615.0			
2620.0			
2625.0			
2630.0			
2635.0	8.71		
2640.0	8.34		
2645.0	6.77		
2650.0	6.26		
2655.0	5.33		
2660.0	5.63		
2665.0	5.58		
2670.0	5.74	-6.84	-0.55
2675.0	5.87	-5.74	0.07
2680.0	5.80	-5.35	0.23
2685.0	5.74	-5.27	0.23
2690.0	5.67	-5.31	0.18
2695.0	5.61	-5.35	0.13
2700.0	5.58	-5.35	0.11
2705.0	5.55	-5.36	0.10
2710.0	5.51	-5.36	0.08
2715.0	5.48	-5.37	0.06
2720.0	5.67	-5.37	0.15
2725.0	5.80	-5.45	0.18
2730.0	5.78	-5.65	0.07
2735.0	5.75	-5.76	-0.00
2740.0	5.73	-5.86	-0.07
2745.0	5.98	-5.90	0.04
2750.0	6.28	-5.50	0.39
2755.0	6.21	-5.52	0.34
2760.0	6.13	-5.54	0.29
2765.0	6.06	-5.56	0.25
2770.0	5.98	-5.59	0.20
2775.0	5.95	-5.61	0.17
2780.0	5.91	-5.63	0.14
2785.0	5.88	-5.65	0.12
2790.0	5.85	-5.67	0.09
2795.0	5.82	-5.69	0.06
2800.0	5.78	-5.71	0.04
2805.0		-5.72	
2810.0		-5.72	
2815.0		-5.73	
2820.0	5.40	-5.71	-0.16
2825.0	5.45	-5.67	-0.11
2830.0	5.49	-5.63	-0.07
2835.0	5.54	-5.59	-0.03
2840.0	5.58	-5.55	0.01
2845.0	5.92	-5.51	0.20
2850.0	6.21	-5.62	0.29
2855.0	5.66	-5.83	-0.09
2860.0	5.54	-5.58	-0.02
2865.0	5.46	-5.60	-0.07
2870.0	5.38	-5.61	-0.12
2875.0	5.29	-5.63	-0.17
2880.0	5.21	-5.65	-0.22
2885.0	5.12	-5.60	-0.24
2890.0	5.05	-5.56	-0.26
2895.0	5.32	-5.14	0.09
2900.0	5.50	-4.79	0.36
2905.0	5.72	-4.82	0.45
2910.0	6.26	-4.86	0.70
2915.0	6.30	-5.64	0.33
2920.0	5.71	-5.92	-0.11
2925.0	5.63	-6.08	-0.23
2930.0	5.55	-5.88	-0.17
2935.0	5.55	-5.50	0.03
2940.0	5.56	-5.15	0.20
2945.0	5.57	-5.07	0.25
2950.0	5.58	-5.22	0.18
2955.0	5.60	-5.45	0.08
2960.0	5.61	-5.44	0.08
2965.0	5.62	-5.41	0.11
2970.0	5.64	-5.38	0.13
2975.0	5.65	-5.35	0.15
2980.0	5.66	-5.32	0.17
2985.0	5.53	-5.30	0.12
2990.0	5.46	-5.22	0.12
2995.0	5.70	-4.80	0.45
3000.0	5.74	-4.82	0.46
3005.0	5.45	-5.00	0.22
3010.0	5.15	-5.46	-0.15
3015.0	5.00	-5.75	-0.38
3020.0	5.27	-5.82	-0.27
3025.0	5.54	-6.06	-0.26
3030.0	5.82	-6.53	-0.36
3035.0	6.09	-6.93	-0.42
3040.0	6.36	-7.33	-0.48
3045.0	6.07	-7.72	-0.83
3050.0	6.41	-7.88	-0.73
3055.0	7.30	-7.84	-0.27
3060.0	8.18	-7.82	0.18
3065.0	9.12	-7.80	0.66
3070.0	10.71	-7.81	1.45
3075.0		-7.83	
3080.0		-7.88	
3085.0		-7.99	
3090.0	5.54	-7.65	-1.05
3095.0	5.75	-7.26	-0.76
3100.0	6.37	-6.88	-0.26
3105.0	6.64	-6.28	0.18
3110.0	6.37	-6.14	0.12
3115.0	6.44	-5.99	0.22
3120.0	6.64	-6.28	0.18
3125.0	6.18	-6.70	-0.26
3130.0	5.90	-6.42	-0.26
3135.0	6.05	-6.13	-0.04
3140.0	6.45	-5.82	0.32
3145.0	5.93	-6.22	-0.15
3150.0	5.72	-6.29	-0.29
3155.0	5.72	-6.03	-0.15
3160.0	6.14	-5.15	0.50
3165.0	6.37	-5.15	0.61
3170.0	6.26	-6.26	0.00
3175.0	6.45	-6.05	0.20
3180.0	6.74	-6.44	0.15
3185.0	6.13	-7.22	-0.54
3190.0	6.17	-7.42	-0.63
3195.0	6.52	-6.37	0.07
3200.0	6.14	-6.23	-0.05
3205.0	6.50	-6.12	0.19
3210.0	6.96	-6.22	0.37
3215.0	7.15	-6.60	0.27
3220.0	7.35	-6.55	0.40
3225.0	7.28	-6.44	0.42
3230.0	6.75	-6.40	0.18
3235.0	6.22	-6.22	0.00
3240.0	5.75	-5.56	0.09
3245.0	5.58	-5.15	0.22
3250.0	5.96		
3255.0	6.13	-7.96	-0.91
3260.0	5.36		
3265.0	5.66		
3270.0	5.17		
3275.0	4.63		
3280.0	4.69		
3285.0	4.96		
3290.0			
3295.0			
3300.0			
3305.0			
3310.0			
