# кадр	t_круга_с	S_игры_м	скорость_кмч	высота_м   (t = 0.25*кадр - 2.15 по таймеру видео; S — от линии старта игры v1.16.22, по положениям openf1 круга 26 квалификации 2025; высота — z openf1/10)
1	-1.90	3204	248	50.2
2	-1.65	3220	254	50.2
3	-1.40	3233	260	50.2
4	-1.15	3257	264	50.2
5	-0.90	3281	268	50.3
6	-0.65	3293	272	50.2
7	-0.40	5	275	50.2
8	-0.15	25	280	50.2
9	0.10	48	283	50.3
10	0.35	70	285	50.3
11	0.60	91	287	50.3
12	0.85	107	289	50.5
13	1.10	124	267	51.0
14	1.35	143	238	51.7
15	1.60	156	211	52.1
16	1.85	169	193	52.2
17	2.10	181	157	52.5
18	2.35	191	138	53.0
19	2.60	199	129	53.3
20	2.85	210	123	53.6
21	3.10	221	121	53.7
22	3.35	228	122	54.0
23	3.60	238	125	54.4
24	3.85	248	134	54.8
25	4.10	255	142	55.4
26	4.35	269	154	56.3
27	4.60	277	169	57.0
28	4.85	286	180	57.8
29	5.10	301	190	59.0
30	5.35	316	198	60.3
31	5.60	327	204	61.2
32	5.85	347	213	63.0
33	6.10	357	216	63.9
34	6.35	371	217	65.0
35	6.60	393	227	67.1
36	6.85	408	236	68.4
37	7.10	421	240	69.7
38	7.35	439	242	71.2
39	7.60	456	244	72.8
40	7.85	473	250	74.4
41	8.10	490	254	76.0
42	8.35	516	256	78.3
43	8.60	526	258	79.1
44	8.85	543	261	80.3
45	9.10	561	264	81.8
46	9.35	579	266	83.1
47	9.60	598	267	84.5
48	9.85	616	268	85.5
49	10.10	647	268	86.1
50	10.35	662	263	86.2
51	10.60	675	252	86.1
52	10.85	691	237	86.2
53	11.10	707	226	86.3
54	11.35	722	212	86.5
55	11.60	739	202	86.6
56	11.85	752	195	86.8
57	12.10	763	186	86.9
58	12.35	774	179	87.1
59	12.60	785	177	87.3
60	12.85	803	176	87.8
61	13.10	813	175	88.1
62	13.35	823	176	88.4
63	13.60	835	181	88.5
64	13.85	848	177	88.5
65	14.10	860	173	88.5
66	14.35	872	167	88.7
67	14.60	884	160	88.9
68	14.85	896	158	89.1
69	15.10	907	156	89.4
70	15.35	918	155	89.3
71	15.60	929	162	88.9
72	15.85	941	165	88.0
73	16.10	953	181	87.0
74	16.35	966	192	86.3
75	16.60	980	200	85.3
76	16.85	994	208	84.2
77	17.10	1012	218	82.8
78	17.35	1024	220	81.8
79	17.60	1040	225	80.7
80	17.85	1063	213	78.9
81	18.10	1073	191	78.2
82	18.35	1083	166	77.4
83	18.60	1094	138	76.7
84	18.85	1103	118	76.0
85	19.10	1110	106	75.4
86	19.35	1118	99	75.0
87	19.60	1125	94	74.5
88	19.85	1134	89	73.8
89	20.10	1142	86	73.2
90	20.35	1149	84	72.9
91	20.60	1156	84	72.5
92	20.85	1163	87	72.0
93	21.10	1170	91	71.5
94	21.35	1177	99	70.9
95	21.60	1183	111	70.4
96	21.85	1191	125	69.7
97	22.10	1202	142	69.0
98	22.35	1212	150	68.2
99	22.60	1220	139	67.7
100	22.85	1228	117	67.2
101	23.10	1232	110	66.8
102	23.35	1237	82	66.4
103	23.60	1243	72	66.1
104	23.85	1250	64	65.8
105	24.10	1258	60	65.7
106	24.35	1261	57	65.6
107	24.60	1266	54	65.5
108	24.85	1272	51	65.1
109	25.10	1276	48	64.7
110	25.35	1280	46	64.4
111	25.60	1283	47	64.2
112	25.85	1287	53	64.0
113	26.10	1291	57	63.6
114	26.35	1295	63	63.1
115	26.60	1299	74	62.6
116	26.85	1305	87	62.1
117	27.10	1310	102	61.7
118	27.35	1315	104	61.4
119	27.60	1323	99	60.9
120	27.85	1331	93	60.5
121	28.10	1337	90	60.1
122	28.35	1343	84	59.6
123	28.60	1348	83	59.1
124	28.85	1354	84	58.7
125	29.10	1362	88	58.0
126	29.35	1367	93	57.4
127	29.60	1373	106	56.9
128	29.85	1381	120	56.4
129	30.10	1392	131	55.8
130	30.35	1398	122	55.6
131	30.60	1405	110	55.3
132	30.85	1412	99	54.9
133	31.10	1417	94	54.7
134	31.35	1423	93	54.5
135	31.60	1433	88	54.5
136	31.85	1440	89	54.5
137	32.10	1446	91	54.5
138	32.35	1454	99	54.5
139	32.60	1463	112	54.5
140	32.85	1470	125	54.5
141	33.10	1478	136	54.5
142	33.35	1492	148	54.5
143	33.60	1498	162	54.4
144	33.85	1509	172	54.3
145	34.10	1523	186	54.3
146	34.35	1542	192	54.3
147	34.60	1554	204	54.2
148	34.85	1567	212	54.2
149	35.10	1578	218	54.2
150	35.35	1593	227	54.2
151	35.60	1608	231	54.2
152	35.85	1627	235	54.1
153	36.10	1647	244	54.1
154	36.35	1658	249	54.1
155	36.60	1674	252	54.1
156	36.85	1690	255	54.1
157	37.10	1708	258	54.1
158	37.35	1725	261	54.2
159	37.60	1742	264	54.2
160	37.85	1759	266	54.2
161	38.10	1776	267	54.2
162	38.35	1794	269	54.1
163	38.60	1812	272	54.0
164	38.85	1831	274	54.1
165	39.10	1850	276	54.1
166	39.35	1883	278	54.1
167	39.60	1892	281	54.1
168	39.85	1910	283	54.2
169	40.10	1930	284	54.3
170	40.35	1960	285	54.1
171	40.60	1977	285	53.6
172	40.85	1993	286	53.0
173	41.10	2008	286	52.4
174	41.35	2025	235	51.5
175	41.60	2040	186	50.8
176	41.85	2053	157	50.2
177	42.10	2061	135	49.9
178	42.35	2069	120	49.6
179	42.60	2078	104	49.3
180	42.85	2085	98	49.2
181	43.10	2091	92	49.1
182	43.35	2096	82	49.0
183	43.60	2102	78	49.0
184	43.85	2110	72	49.0
185	44.10	2114	70	49.0
186	44.35	2120	73	49.0
187	44.60	2126	78	49.0
188	44.85	2130	85	49.0
189	45.10	2136	95	48.9
190	45.35	2143	109	49.0
191	45.60	2151	127	49.0
192	45.85	2161	141	48.9
193	46.10	2174	153	48.9
194	46.35	2182	158	48.9
195	46.60	2196	171	49.0
196	46.85	2209	187	49.0
197	47.10	2219	197	49.0
198	47.35	2233	204	48.9
199	47.60	2247	213	48.9
200	47.85	2262	220	48.9
201	48.10	2278	226	49.0
202	48.35	2294	232	49.0
203	48.60	2310	231	48.9
204	48.85	2326	213	49.0
205	49.10	2339	199	49.1
206	49.35	2360	192	48.9
207	49.60	2371	192	48.8
208	49.85	2382	194	48.6
209	50.10	2395	199	48.5
210	50.35	2412	204	48.3
211	50.60	2426	211	48.3
212	50.85	2437	218	48.3
213	51.10	2454	223	48.3
214	51.35	2470	228	48.2
215	51.60	2486	233	48.2
216	51.85	2504	237	48.2
217	52.10	2526	238	48.1
218	52.35	2538	241	48.0
219	52.60	2554	245	48.0
220	52.85	2573	248	48.0
221	53.10	2591	250	47.9
222	53.35	2613	252	47.9
223	53.60	2625	240	47.9
224	53.85	2639	211	47.9
225	54.10	2655	185	47.9
226	54.35	2666	166	47.9
227	54.60	2681	157	47.9
228	54.85	2696	151	47.9
229	55.10	2706	146	47.9
230	55.35	2714	143	47.9
231	55.60	2722	137	47.9
232	55.85	2732	134	47.8
233	56.10	2740	130	47.8
234	56.35	2749	132	47.7
235	56.60	2759	139	47.6
236	56.85	2774	142	47.8
237	57.10	2785	161	47.8
238	57.35	2795	176	47.8
239	57.60	2803	187	47.8
240	57.85	2823	196	47.8
241	58.10	2830	201	47.8
242	58.35	2843	200	47.8
243	58.60	2857	187	47.9
244	58.85	2870	163	48.1
245	59.10	2877	120	48.2
246	59.35	2884	103	48.3
247	59.60	2891	90	48.3
248	59.85	2896	82	48.4
249	60.10	2903	77	48.6
250	60.35	2909	72	48.7
251	60.60	2914	68	48.9
252	60.85	2919	65	49.0
253	61.10	2924	65	49.3
254	61.35	2928	69	49.6
255	61.60	2933	78	49.8
256	61.85	2938	90	50.1
257	62.10	2944	106	50.4
258	62.35	2951	120	50.7
259	62.60	2960	117	51.1
260	62.85	2967	106	51.4
261	63.10	2975	99	51.8
262	63.35	2985	94	52.0
263	63.60	2991	91	51.9
264	63.85	2996	89	51.8
265	64.10	3002	90	51.5
266	64.35	3009	94	51.2
267	64.60	3016	103	51.1
268	64.85	3024	117	50.8
269	65.10	3033	137	50.7
270	65.35	3044	152	50.6
271	65.60	3059	164	50.5
272	65.85	3071	176	50.4
273	66.10	3082	190	50.4
274	66.35	3092	198	50.4
275	66.60	3111	207	50.3
276	66.85	3121	216	50.3
277	67.10	3136	222	50.2
278	67.35	3152	229	50.3
279	67.60	3168	236	50.3
280	67.85	3191	243	50.2
281	68.10	3206	249	50.2
282	68.35	3219	254	50.2
283	68.60	3237	258	50.2
284	68.85	3257	262	50.3
285	69.10	3275	268	50.3
286	69.35	3300	272	50.2
287	69.60	12	277	50.2
288	69.85	27	280	50.2
289	70.10	56	282	50.3
290	70.35	66	278	50.3
291	70.60	85	270	50.3
292	70.85	103	262	50.4
293	71.10	120	244	50.9
294	71.35	136	224	51.5
295	71.60	150	202	51.9
296	71.85	163	178	52.2
297	72.10	174	150	52.4
298	72.35	185	134	52.7
299	72.60	193	122	53.1
300	72.85	201	114	53.4
301	73.10	213	107	53.7
302	73.35	219	105	53.7
303	73.60	228	103	53.9
304	73.85	236	108	54.2
305	74.10	241	115	54.5
306	74.35	253	122	55.2
307	74.60	261	130	55.8
308	74.85	269	137	56.4
309	75.10	279	147	57.1
310	75.35	290	154	58.1
311	75.60	301	163	58.9
312	75.85	312	171	59.9
313	76.10	326	178	61.1
314	76.35	340	185	62.3
315	76.60	351	190	63.2
